ID,Prediction
1,A B C
2,A B C
3,A B C
4,A B C
5,A B C
6,A B C
7,A B C
8,A B C
9,A B C
10,A B C
11,A B C
12,A B C
13,A B C
14,A B C
15,A B C
16,A B C
17,A B C
18,A B C
19,A B C
20,A B C
21,A B C
22,A B C
23,A B C
24,A B C
25,A B C
26,A B C
27,A B C
28,A B C
29,A B C
30,A B C
31,A B C
32,A B C
33,A B C
34,A B C
35,A B C
36,A B C
37,A B C
38,A B C
39,A B C
40,A B C
41,A B C
42,A B C
43,A B C
44,A B C
45,A B C
46,A B C
47,A B C
48,A B C
49,A B C
50,A B C
51,A B C
52,A B C
53,A B C
54,A B C
55,A B C
56,A B C
57,A B C
58,A B C
59,A B C
60,A B C
61,A B C
62,A B C
63,A B C
64,A B C
65,A B C
66,A B C
67,A B C
68,A B C
69,A B C
70,A B C
71,A B C
72,A B C
73,A B C
74,A B C
75,A B C
76,A B C
77,A B C
78,A B C
79,A B C
80,A B C
81,A B C
82,A B C
83,A B C
84,A B C
85,A B C
86,A B C
87,A B C
88,A B C
89,A B C
90,A B C
91,A B C
92,A B C
93,A B C
94,A B C
95,A B C
96,A B C
97,A B C
98,A B C
99,A B C
100,A B C
101,A B C
102,A B C
103,A B C
104,A B C
105,A B C
106,A B C
107,A B C
108,A B C
109,A B C
110,A B C
111,A B C
112,A B C
113,A B C
114,A B C
115,A B C
116,A B C
117,A B C
118,A B C
119,A B C
120,A B C
121,A B C
122,A B C
123,A B C
124,A B C
125,A B C
126,A B C
127,A B C
128,A B C
129,A B C
130,A B C
131,A B C
132,A B C
133,A B C
134,A B C
135,A B C
136,A B C
137,A B C
138,A B C
139,A B C
140,A B C
141,A B C
142,A B C
143,A B C
144,A B C
145,A B C
146,A B C
147,A B C
148,A B C
149,A B C
150,A B C
151,A B C
152,A B C
153,A B C
154,A B C
155,A B C
156,A B C
157,A B C
158,A B C
159,A B C
160,A B C
161,A B C
162,A B C
163,A B C
164,A B C
165,A B C
166,A B C
167,A B C
168,A B C
169,A B C
170,A B C
171,A B C
172,A B C
173,A B C
174,A B C
175,A B C
176,A B C
177,A B C
178,A B C
179,A B C
180,A B C
181,A B C
182,A B C
183,A B C
184,A B C
185,A B C
186,A B C
187,A B C
188,A B C
189,A B C
190,A B C
191,A B C
192,A B C
193,A B C
194,A B C
195,A B C
196,A B C
197,A B C
198,A B C
199,A B C
200,A B C
201,A B C
202,A B C
203,A B C
204,A B C
205,A B C
206,A B C
207,A B C
208,A B C
209,A B C
210,A B C
211,A B C
212,A B C
213,A B C
214,A B C
215,A B C
216,A B C
217,A B C
218,A B C
219,A B C
220,A B C
221,A B C
222,A B C
223,A B C
224,A B C
225,A B C
226,A B C
227,A B C
228,A B C
229,A B C
230,A B C
231,A B C
232,A B C
233,A B C
234,A B C
235,A B C
236,A B C
237,A B C
238,A B C
239,A B C
240,A B C
241,A B C
242,A B C
243,A B C
244,A B C
245,A B C
246,A B C
247,A B C
248,A B C
249,A B C
250,A B C
251,A B C
252,A B C
253,A B C
254,A B C
255,A B C
256,A B C
257,A B C
258,A B C
259,A B C
260,A B C
261,A B C
262,A B C
263,A B C
264,A B C
265,A B C
266,A B C
267,A B C
268,A B C
269,A B C
270,A B C
271,A B C
272,A B C
273,A B C
274,A B C
275,A B C
276,A B C
277,A B C
278,A B C
279,A B C
280,A B C
281,A B C
282,A B C
283,A B C
284,A B C
285,A B C
286,A B C
287,A B C
288,A B C
289,A B C
290,A B C
291,A B C
292,A B C
293,A B C
294,A B C
295,A B C
296,A B C
297,A B C
298,A B C
299,A B C
300,A B C
301,A B C
302,A B C
303,A B C
304,A B C
305,A B C
306,A B C
307,A B C
308,A B C
309,A B C
310,A B C
311,A B C
312,A B C
313,A B C
314,A B C
315,A B C
316,A B C
317,A B C
318,A B C
319,A B C
320,A B C
321,A B C
322,A B C
323,A B C
324,A B C
325,A B C
326,A B C
327,A B C
328,A B C
329,A B C
330,A B C
331,A B C
332,A B C
333,A B C
334,A B C
335,A B C
336,A B C
337,A B C
338,A B C
339,A B C
340,A B C
341,A B C
342,A B C
343,A B C
344,A B C
345,A B C
346,A B C
347,A B C
348,A B C
349,A B C
350,A B C
351,A B C
352,A B C
353,A B C
354,A B C
355,A B C
356,A B C
357,A B C
358,A B C
359,A B C
360,A B C
361,A B C
362,A B C
363,A B C
364,A B C
365,A B C
366,A B C
367,A B C
368,A B C
369,A B C
370,A B C
371,A B C
372,A B C
373,A B C
374,A B C
375,A B C
376,A B C
377,A B C
378,A B C
379,A B C
380,A B C
381,A B C
382,A B C
383,A B C
384,A B C
385,A B C
386,A B C
387,A B C
388,A B C
389,A B C
390,A B C
391,A B C
392,A B C
393,A B C
394,A B C
395,A B C
396,A B C
397,A B C
398,A B C
399,A B C
400,A B C
401,A B C
402,A B C
403,A B C
404,A B C
405,A B C
406,A B C
407,A B C
408,A B C
409,A B C
410,A B C
411,A B C
412,A B C
413,A B C
414,A B C
415,A B C
416,A B C
417,A B C
418,A B C
419,A B C
420,A B C
421,A B C
422,A B C
423,A B C
424,A B C
425,A B C
426,A B C
427,A B C
428,A B C
429,A B C
430,A B C
431,A B C
432,A B C
433,A B C
434,A B C
435,A B C
436,A B C
437,A B C
438,A B C
439,A B C
440,A B C
441,A B C
442,A B C
443,A B C
444,A B C
445,A B C
446,A B C
447,A B C
448,A B C
449,A B C
450,A B C
451,A B C
452,A B C
453,A B C
454,A B C
455,A B C
456,A B C
457,A B C
458,A B C
459,A B C
460,A B C
461,A B C
462,A B C
463,A B C
464,A B C
465,A B C
466,A B C
467,A B C
468,A B C
469,A B C
470,A B C
471,A B C
472,A B C
473,A B C
474,A B C
475,A B C
476,A B C
477,A B C
478,A B C
479,A B C
480,A B C
481,A B C
482,A B C
483,A B C
484,A B C
485,A B C
486,A B C
487,A B C
488,A B C
489,A B C
490,A B C
491,A B C
492,A B C
493,A B C
494,A B C
495,A B C
496,A B C
497,A B C
498,A B C
499,A B C
500,A B C
